Column1,unique.host_data.standardised_host.,Column2,,,,,,
23,MISSING,1,,"MISSING','MSSING','N/A','NA','NO COLLECTED','NOT APPLICABLE','NOT AVAILABLE','NOT COLLECTED','NOT PROVIDED','UNKNOWN",,,,
5,MSSING,1,,,,,,
179,N/A,1,,,,,,
1,NA,1,,,,,,
17,NO COLLECTED,1,,,,,,
6,NOT APPLICABLE,1,,,,,,
27,NOT AVAILABLE,1,,,,,,
61,NOT COLLECTED,1,,,,,,
80,NOT PROVIDED,1,,,,,,
214,UNKNOWN,1,,,,,,
361,ABIES KOREANA,,,,,,,
107,ABRAMIS BRAMA,,,,,,,
250,ACANTHOSPERMUM HISPIDUM,,,,,,,
316,ACROMYRMEX SP.,,,,,,,
168,ACROSTERNUM ARABICUM,,,,,,,
323,AEDES ALBOPICTUS,,,,,,,
339,AGARICUS BISPORUS,,,,,,,
200,ALFALFA,,,,,,,
69,ALGAE,,,,,,,
158,ALHAGI SPARSIFOLIA SHAP.,,,,,,,
193,ALLIARIA PETIOLATA,,,,,,,
130,ALLIUM CEPA,,,,,,,
298,ALLIUM SATIVUM,,,,,,,
382,ALLIUM SATIVUM VAR. OPHIOSCORODON,,,,,,,
122,ALLOMYRIA DICHOTOMA,,,,,,,
411,ALNUS ALNOBETULA SUBSP. FRUTICOSA,,,,,,,
315,ALNUS INCANA,,,,,,,
132,ALNUS INCANA SUBSP. RUGOSA,,,,,,,
99,ALYSSUM SERPYLLIFOLIUM SSP. LUSITANICUM,,,,,,,
194,AMARANTHUS PALMERI,,,,,,,
260,AMARANTHUS VIRIDIS,,,,,,,
203,ANANAS COMOSUS,,,,,,,
397,ANOPHELES GAMBIAE,,,,,,,
133,ANOPHELES MINIMUS,,,,,,,
139,ANOPHELES SINENSIS,,,,,,,
312,APIS CERANA JAPONICA,,,,,,,
302,APPLE,,,,,,,
307,APTEROSTIGMA,,,,,,,
381,ARABIDOPSIS,,,,,,,
79,ARABIDOPSIS THALIANA,,,,,,,
111,ARABIDOPSIS THALIANA COL-0,,,,,,,
91,ARABODOPSIS THALIANA,,,,,,,
239,ARACHIS HYPOGAEA,,,,,,,
383,ARNEBIA EUCHROMA,,,,,,,
308,ARVELIUS ALBOPUNCTATUS,,,,,,,
375,ASTRAGALUS,,,,,,,
103,ATYOPSIS MOLUCCENSIS,,,,,,,
301,AVENA SATIVA,,,,,,,
84,AZADIRACHTA INDICA,,,,,,,
292,BACTERIA,,,,,,,
45,BAMBOO,,,,,,,
16,BANNANA,,,,,,,
24,BAT,,,,,,,
343,BATHYCOELIA DISTINCTA,,,,,,,
366,BEACH MORNING GLORY IPOMOEA PES-CAPRAE,,,,,,,
96,BEAN,,,,,,,
181,BETA VULGARIS,,,,,,,
3,BETULA SCHMIDTII,,,,,,,
189,BIDENS ALBA,,,,,,,
365,BIOLOGICAL SOIL CRUSTS,,,,,,,
409,BOLIVINELLA SEMINUDA,,,,,,,
230,BORAGO OFFICINALIS,,,,,,,
12,BOS TAURUS,,,,,,,
276,BOS TAURUS INDICUS,,,,,,,
110,BOTRYOCOCCUS BRAUNII,,,,,,,
357,BRACHYSTETHUS RUBROMACULATUS,,,,,,,
76,BRASSICA NAPUS,,,,,,,
180,BRASSICA OLERACEA VAR. GEMMIFERA,,,,,,,
94,BUFFALO,,,,,,,
208,CAENORHABDITIS ELEGANS,,,,,,,
118,CAENORHABDITIS ELEGANS MY316,,,,,,,
101,CAJANUS CAJAN,,,,,,,
403,CALOPLACA LITTOREA,,,,,,,
119,CAMELUS DROMEDARIUS,,,,,,,
186,CANIS LUPUS FAMILIARIS,,,,,,,
319,CANTALOUPE,,,,,,,
293,CAPRA HIRCUS,,,,,,,
198,CARAGANA KORSHINSKII,,,,,,,
209,CAROLINA GERANIUM,,,,,,,
72,CARRAGEENAN,,,,,,,
146,CATTLE,,,,,,,
347,CENCHRUS BIFLORUS,,,,,,,
144,CETONIA AURATA,,,,,,,
22,CHELONOIDES CARBONARIA,,,,,,,
215,CHICKEN,,,,,,,
42,CHILOSCHISTA PARISHII SEIDENF.,,,,,,,
39,CHIONOECETES JAPONICUS,,,,,,,
314,CHORISTOSORIA CALOMELANOS,,,,,,,
384,CIGAR TOBACCO LEAVES,,,,,,,
174,CITRULLUS COLOCYNTHIS,,,,,,,
368,CITRUS,,,,,,,
379,CITRUS SINENSIS,,,,,,,
334,COLEUS SCUTELLARIOIDES,,,,,,,
363,COLOCASIA ESCULENTA (TARO),,,,,,,
141,COLPOPHYLLIA NATANS,,,,,,,
204,CORN,,,,,,,
391,CORNUS SERICEA,,,,,,,
196,COTINUS COGGYGRIA,,,,,,,
229,COTONEASTER ACUTIFOLIUS,,,,,,,
234,COTONEASTER ACUTIFOLIUS VAR. LUCIDUS,,,,,,,
304,COTTON,,,,,,,
51,COW,,,,,,,
284,CRAB GRASS,,,,,,,
88,CRASSOSTREA VIRGINICA,,,,,,,
241,CRATAEGUS MOLLIS,,,,,,,
231,CRATAEGUS MONOGYNA,,,,,,,
233,CRATAEGUS PINNATIFIDA,,,,,,,
225,CRATAEGUS SP.,,,,,,,
243,CRATEGUS CUNEATA,,,,,,,
247,CRATEGUS MONOGYNA,,,,,,,
390,"CREOSOTE BUSH, LARREA TRIDENTATA",,,,,,,
126,CUCUMBER,,,,,,,
402,CUCURBITA PEPO,,,,,,,
262,CYPERUS ESCULENTUS,,,,,,,
407,DAIRY CATTLE,,,,,,,
140,DANIO RERIO,,,,,,,
373,DENDROBIUM OFFICINALE,,,,,,,
256,DESMODIUM TORTUOSUM,,,,,,,
266,DIGITARIA SANGUINALIS,,,,,,,
263,DIGITARIA SP.,,,,,,,
166,DISTEMONANTHUS BENTHAMIANUS,,,,,,,
160,DRACAENA SANDERIANA,,,,,,,
324,DROSOPHILA,,,,,,,
279,DROSOPHILA MELANOGASTER,,,,,,,
352,DURUM WHEAT,,,,,,,
125,ECTOCARPUS SUBULATUS,,,,,,,
169,EDESSA SP.,,,,,,,
259,ENVIRONMENTAL,,,,,,,
401,EPHEBE LANATA,,,,,,,
150,EPIBOLUS PULCHRIPES,,,,,,,
244,EPIPCACTIS PALUSTRIS,,,,,,,
8,EQUUS CABALLUS,,,,,,,
156,EUCALYPTI OF EUCALYPTUS,,,,,,,
155,EUCALYPTUS,,,,,,,
177,EUCALYPTUS GRANDIS,,,,,,,
246,EUCALYPTUS SP.,,,,,,,
321,EUMAEUS ATALA,,,,,,,
400,EUNAPIUS FRAGILIS,,,,,,,
73,EUPHORBIA GRANULATA,,,,,,,
258,EUPHORBIA HYSSOPIFOLIA,,,,,,,
354,EUSCHISTUS SERVUS,,,,,,,
46,EXCOECARIA AGALLOCHA,,,,,,,
294,FIELD CUCUMBER,,,,,,,
92,FISH,,,,,,,
327,FLAVERIA ROBUSTA,,,,,,,
331,FLAVERIA TRINERVIA,,,,,,,
254,FRANKLINIELLA FUSCA,,,,,,,
320,FRESH FIELD CUCUMBER,,,,,,,
376,FRESHWATER LAKE,,,,,,,
172,FUNGI,,,,,,,
21,GALLUS GALLUS,,,,,,,
340,GARCINIA MORELLA,,,,,,,
367,GASTRODIA ELATA,,,,,,,
341,GASTROPHYSA ATROCYANEA,,,,,,,
136,GINKGO BILOBA,,,,,,,
264,GLANDULARIA BIPINNATIFIDA,,,,,,,
149,GLOMERIS CONNEXA,,,,,,,
394,GLYCINE CLANDESTINA,,,,,,,
310,GLYCINE MAX,,,,,,,
148,GOAT,,,,,,,
165,GOSSYPIUM HIRSUTUM,,,,,,,
9,GRASS CARP,,,,,,,
78,GRASSES,,,,,,,
303,GUAR,,,,,,,
287,GUAR PULSE,,,,,,,
182,GYPSOPHILA PANICULATA,,,,,,,
35,HALYOMORPHA HALYS,,,,,,,
318,HERICIUM ERINACEUS,,,,,,,
4,HOMO SAPIENS,,,,,,,
249,HONEYDEW,,,,,,,
213,HORDEUM BREVISUBULATUM SUBSP. VIOLACEUM,,,,,,,
176,HUMULUS LUPULUS,,,,,,,
82,HYDRA,,,,,,,
328,HYPOTHENEMUS HAMPEI,,,,,,,
207,IMPATIENS BALSAMINA,,,,,,,
100,INDIGOFERA ARGENTEA BURM.F.,,,,,,,
408,IRIS TECTORUM,,,,,,,
288,JACKFRUIT,,,,,,,
380,JATROPHA CURCAS,,,,,,,
54,KALIDIUM FOLIATUM,,,,,,,
19,KALIDIUM FOLIATUM (PALL.) MOQ,,,,,,,
52,KARELINIA CASPIA,,,,,,,
70,LACTUCA SATIVA,,,,,,,
248,LACTUCA SERRIOLA,,,,,,,
116,LAMINARIA DIGITATA,,,,,,,
147,LAND CRAG,,,,,,,
183,LAODELPHAX STRIATELLUS,,,,,,,
30,LASIUS NIGER,,,,,,,
245,LATHYRUS OLERACEUS,,,,,,,
360,LEONTOPODIUM ALPINUM,,,,,,,
212,LETTUCE,,,,,,,
306,LILY,,,,,,,
66,LINUM AUSTRIACUM SSP. AUSTRIACUM,,,,,,,
371,LIRIOPE MUSCARI,,,,,,,
86,LISSOTRITON VULGARIS,,,,,,,
18,LITODITIS MARINA,,,,,,,
109,LIVING SEAWEED,,,,,,,
33,LOLIUM ARUNDINACEUM,,,,,,,
44,LOLIUM PERENNE,,,,,,,
87,LOTUS JAPONICUS,,,,,,,
326,MACACA FASCICULARIS,,,,,,,
337,MAGNOLIA GRANDIFLORA,,,,,,,
104,MAIZE,,,,,,,
237,MALUS,,,,,,,
218,MALUS DOMESTICA,,,,,,,
221,MALUS DOMESTICA 'EGREMONT RUSSET',,,,,,,
219,MALUS DOMESTICA 'GALA',,,,,,,
228,MALUS FLORIBUNDA,,,,,,,
232,MALUS HALLIANA,,,,,,,
374,MALUS PRUNIFOLIA (CRAB APPLE),,,,,,,
224,MALUS SP.,,,,,,,
235,MALUS TRANSITORIA,,,,,,,
344,MANGO,,,,,,,
290,MANGO TREE,,,,,,,
64,MANTIS RELIGIOSA,,,,,,,
29,MARINE SPONGE,,,,,,,
43,MARMOT,,,,,,,
342,MASSON PINE,,,,,,,
350,MASSOSPORA CICADINA,,,,,,,
159,MEDICAGO,,,,,23,MISSING,1
317,MEDICAGO SATIVA,,,,,5,MSSING,1
199,MEDICAGO SATIVA CV. FORCE-5,,,,,179,N/A,1
175,MEDICAGO SATIVA CV. RYNO6,,,,,1,NA,1
161,MEDICAGO SATIVA CV. SEQUEL,,,,,17,NO COLLECTED,1
291,MELANAPHIS SACCHARI ZEHNTNER,,,,,6,NOT APPLICABLE,1
345,MELOLONTHA HIPPOCASTANI,,,,,27,NOT AVAILABLE,1
53,MICROCYSTIS AERUGINOSA,,,,,61,NOT COLLECTED,1
162,MIMOSA SCABRELLA,,,,,80,NOT PROVIDED,1
56,MIRABILIS JALAPA,,,,,214,UNKNOWN,1
358,MORMIDEA SP.,,,,,,,
185,MORUS ALBA,,,,,,,
338,MURGANTIA HISTRIONICA,,,,,,,
14,MUS MUSCULUS,,,,,,,
97,MUS MUSCULUS C3H/ORL,,,,,,,
157,MUSHROOM,,,,,,,
143,NAEMORHEDUS CAUDATUS,,,,,,,
55,NELTUMA LAEVIGATA,,,,,,,
15,NEMATOSTELLA VECTENSIS,,,,,,,
106,NEODON FUSCUS,,,,,,,
388,"NEW MEXICO MILKVETCH, ASTRAGALUS NEOMEXICANUS",,,,,,,
322,NEZARA VIRIDULA,,,,,,,
299,NICOTIANA TABACUM,,,,,,,
187,NICOTIANA TABACUM L.,,,,,,,
153,NOTACANTHUS CHEMNITZII,,,,,,,
41,OCHOTONA CURZONIAE (PLATEAU PIKA),,,,,,,
227,OCIMUM LAMIIFOLIUM,,,,,,,
210,OILSEED RAPE,,,,,,,
309,OLEA EUROPAEA,,,,,,,
171,ONION,,,,,,,
128,OPHIACTIS SAVIGNYI,,,,,,,
255,ORANGE,,,,,,,
98,ORYZA GLABERRIMA,,,,,,,
300,ORYZA RUFIPOGON,,,,,,,
34,ORYZA SATIVA,,,,,,,
57,ORYZA SATIVA CV. HWAYOUNG,,,,,,,
184,ORYZA SATIVA L.,,,,,,,
272,ORYZA SP.,,,,,,,
62,OXYTROPIS TRAGACANTHOIDES,,,,,,,
359,PANAX GINSENG,,,,,,,
113,PAPAVER SOMNIFERUM,,,,,,,
385,PARALITHODES CAMTSCHATICUS,,,,,,,
399,PARAMECIUM BURSARIA,,,,,,,
398,PARAMECIUM TETRATOBURSARIA,,,,,,,
396,PASSIFLORA INCARNATA,,,,,,,
297,PAULLINIA CUPANA,,,,,,,
281,PEACH PALM,,,,,,,
269,PEANUT,,,,,,,
346,PEAR TREE,,,,,,,
283,PEARL MILLET,,,,,,,
65,PELARGONIUM,,,,,,,
127,PELARGONIUM X HORTORUM,,,,,,,
123,PENAEUS VANNAMEI,,,,,,,
356,PENTATOMIDAE SP.,,,,,,,
59,PERINEREIS LINEA,,,,,,,
325,PETUNIA X HYBRIDA,,,,,,,
105,PHASEOLUS VULGARIS,,,,,,,
190,PHILODENDRON ERUBESCENS,,,,,,,
112,PHYLLOSTACHYS EDULIS,,,,,,,
131,PILL MILLIPEDE,,,,,,,
202,PINEAPPLE,,,,,,,
267,PINTOMYIA EVANSI,,,,,,,
60,PISUM SATIVUM L.,,,,,,,
47,PLANT,,,,,,,
217,PLANTAGO LANCEOLATA,,,,,,,
164,PLEUROTUS ERYNGII,,,,,,,
115,POA ANNUA,,,,,,,
372,POPLAR,,,,,,,
236,POPULUS,,,,,,,
135,POPULUS ALBA,,,,,,,
11,PORITES LOBATA,,,,,,,
265,PORTULACA PILOSA,,,,,,,
268,PORTULACA SP.,,,,,,,
20,POULTRY,,,,,,,
120,PROCAPRA PICTICAUDATA,,,,,,,
145,PROCUBITERMES UNDULANS,,,,,,,
38,PROTAETIA BREVITARSIS SEULENSIS LARVA,,,,,,,
211,PYRUS COMMUNIS,,,,,,,
220,PYRUS COMMUNIS 'CLAPP'S FAVORITE',,,,,,,
369,QUERCUS MONGOLICA,,,,,,,
163,RABBIT,,,,,,,
336,RAFFLESIA CANTLEYI,,,,,,,
296,RAIN WATER,,,,,,,
114,RAPHANUS SATIVUS,,,,,,,
178,RAPHANUS SATIVUS VAR. FLAMBOYANT 5,,,,,,,
95,RHIZOCARPON GEOGRAPHICUM,,,,,,,
351,RHOPALOEIDES ODORABILE,,,,,,,
85,RICE,,,,,,,
201,RICE PLANT,,,,,,,
195,RICE_LEAF,,,,,,,
251,RICHARDIA SCABRA,,,,,,,
257,RICHARDIA SCABRA L.,,,,,,,
93,RICINUS COMMUNIS,,,,,,,
223,RUBUS IDAEUS,,,,,,,
329,SACCHARUM (SUGARCANE),,,,,,,
349,SACCHARUM OFFICINARUM,,,,,,,
13,SALICORNIA BRACHIATA,,,,,,,
333,SALIX ATROCINEREA,,,,,,,
90,SALIX SP. (WILLOW),,,,,,,
89,SALIX VIMINALIS,,,,,,,
392,SALVINIA MINIMA,,,,,,,
410,SARRACENIA PURPUREA,,,,,,,
7,SCUTELLARIA BAICALENSIS,,,,,,,
134,SEDIMENT OF YELLOW RIVER,,,,,,,
154,SERPULA LACRYMANS,,,,,,,
271,SESUVIUM PORTULACASTRUM,,,,,,,
205,SETARIA ITALICA,,,,,,,
285,SETARIA ITALICA (FOXTAIL MILLET),,,,,,,
332,SIBARIA ENGLEMANI,,,,,,,
137,SIMENCHELYS PARASITICA,,,,,,,
261,SLENDER AMARANTH,,,,,,,
36,SOIL,,,,,,,
32,SOLANUM LYCOPERSICUM,,,,,,,
10,SOLANUM TUBEROSUM,,,,,,,
197,SOLANUM TUBEROSUM L.,,,,,,,
387,SOPHORA DAVIDII (FRANCH.) SKEELS,,,,,,,
216,SORBUS AUCUPARIA,,,,,,,
226,SORBUS AUCUPARIA 'ROWANCROFT CORAL PINK',,,,,,,
117,SORGHUM BICOLOR,,,,,,,
280,SORGHUM BICOLOR (L.) MOENCH,,,,,,,
188,SPERMACOCE STRICTA,,,,,,,
81,SPHAERALCEA ANGUSTIFOLIA,,,,,,,
151,SPHAEROTERMES SPHAEROTHORAX,,,,,,,
25,SPONGE,,,,,,,
406,SPONGILLA LACUSTRIS,,,,,,,
77,SPONGILLA SP.,,,,,,,
389,STEGODYPHUS DUMICOLA,,,,,,,
68,STEREOCAULON,,,,,,,
353,STEVIA REBAUDIANA BERTONI,,,,,,,
275,STRAWBERRY,,,,,,,
124,SUAEDA,,,,,,,
50,SUAEDA ARALOCASPICA,,,,,,,
192,SUGAR CANE YZ08-1095,,,,,,,
277,SUGARCANE,,,,,,,
26,SUS SCROFA,,,,,,,
370,TAGETES PATULA,,,,,,,
330,TAUROCERUS SP.,,,,,,,
289,TAXUS CUSPIDATA,,,,,,,
129,TELLIMA GRANDIFLORA,,,,,,,
48,TENEBRIO MOLITOR,,,,,,,
377,TEPHROSIA PURPUREA SUBSP. APOLLINEA,,,,,,,
222,TERMITES,,,,,,,
270,TETRAGONIA TETRAGONOIDES,,,,,,,
142,THEOBROMA GRANDIFLORUM (ISOLATE C174 RESISTANT TO WITCHES BROOM),,,,,,,
311,THINOPYRUM ELONGATUM,,,,,,,
253,THRIPS,,,,,,,
252,THRIPS TABACI,,,,,,,
242,THUJA OCCIDENTALIS,,,,,,,
40,TIBETAN GAZELLE,,,,,,,
152,TIBETAN SHEEP,,,,,,,
173,TOBACCO,,,,,,,
362,TOMATO,,,,,,,
238,TOXICODENDRON RADICANS,,,,,,,
313,TRACHYMYRMEX SP.,,,,,,,
395,TREBOUXIA SP. TZW2008,,,,,,,
71,TRIBULUS TERRESTRIS,,,,,,,
108,TRIFOLIUM,,,,,,,
63,TRIFOLIUM REPENS,,,,,,,
58,TRITICUM AESTIVUM,,,,,,,
191,TRITICUM AESTIVUM CV. CATAWBA,,,,,,,
102,TRITICUM TURGIDUM,,,,,,,
295,TRITICUM TURGIDUM SUBSP. DURUM,,,,,,,
49,TRYPOXYLUS DICHOTOMUS,,,,,,,
393,TUSSILAGO FARFARA,,,,,,,
83,ULMUS,,,,,,,
386,ULVA INTESTINALIS,,,,,,,
355,ULVA OHNOI,,,,,,,
74,ULVA SP.,,,,,,,
274,UROCHLOA TEXANA,,,,,,,
364,VACHELLIA CAVEN,,,,,,,
305,VACHELLIA TORTILIS SUBSP. RADDIANA,,,,,,,
286,VERBENA,,,,,,,
273,VERBENA BONARIENSIS,,,,,,,
404,VERRUCARIA DITMARSICA,,,,,,,
240,VICIA SATIVA,,,,,,,
67,VITIS,,,,,,,
2,VULTUR GRYPHUS,,,,,,,
335,WALNUT,,,,,,,
138,WANGYARU,,,,,,,
121,WATERMELON,,,,,,,
282,WESTERN GROUND PARROT,,,,,,,
28,WHEAT,,,,,,,
405,XANTHORIA PARIETINA,,,,,,,
31,XESTOSPONGIA MUTA,,,,,,,
167,ZAMIA INTEGRIFOLIA,,,,,,,
75,ZEA MAYS,,,,,,,
378,ZEA MAYS CV. SWEET BELLE,,,,,,,
348,ZEA MAYS L.,,,,,,,
206,ZEA MAYS VAR. RUGOSA,,,,,,,
170,ZEA MAYS VAR. RUGOSA (SWEET CORN),,,,,,,
278,ZINNIA ELEGANS,,,,,,,
37,ZOPHOBAS MORIO,,,,,,,
